r_d,theta,repetition,kappa,genetic_entropy,phenotype_entropy,rectime
0.0,0.0,0,-1.6359129931950933,2.6871586948835207,0.694025381767623,129.0
0.0,0.0,1,-0.8658789518084551,2.0608663904724986,0.80728218622743,154.0
0.0,0.0,2,-1.5453592755808623,2.737254945185637,0.7583943362141223,140.0
0.0,0.0,3,-1.495602314054064,2.61573480832682,0.7444530023289871,165.0
0.0,0.0,4,-1.8376878985902516,2.6757410804262447,0.6504269670422247,122.0
0.0,0.0,5,-1.22021928716502,2.278853712280722,0.7179570649375935,141.0
0.0,0.0,6,-0.8178104827943571,2.0035312797395224,0.8135649125446868,130.0
0.0,0.0,7,-1.3823810928396654,2.5072573510297196,0.7169778792056327,139.0
0.0,0.0,8,-0.7654975336223936,2.2796341858913243,0.9057496908642579,128.0
0.0,0.0,9,-1.1421821584300909,2.2722401431726467,0.7464768737533323,124.0
0.0,0.1,0,-2.258701788274148,3.0078090081924067,0.5924353935367229,119.0
0.0,0.1,1,-1.7097701422305271,2.817991312366551,0.7447265294545935,135.0
0.0,0.1,2,-2.3858573887234273,3.116888027378743,0.6519958242444951,165.0
0.0,0.1,3,-2.486527980066892,3.0555626904367674,0.6149209847882545,125.0
0.0,0.1,4,-2.011980230417881,2.906938376606835,0.7473714116392376,139.0
0.0,0.1,5,-2.1445780541638824,2.8180414632710087,0.585423093986658,124.0
0.0,0.1,6,-2.3301210223403817,2.7947251512932643,0.5113987980997476,121.0
0.0,0.1,7,-2.253902869328007,2.922827645832932,0.6010219029758854,146.0
0.0,0.1,8,-1.511271219713941,2.4209547950286616,0.6665000848578007,156.0
0.0,0.1,9,-2.7616864325469512,3.1041054635034273,0.6164042578156507,121.0
0.0,0.2,0,-2.470897007294719,2.686934208285785,0.46784409923269865,150.0
0.0,0.2,1,-2.8183105576487693,3.1689566912896376,0.5231394446741892,125.0
0.0,0.2,2,-3.0164549278188026,3.1535299632745115,0.513454823530656,192.0
0.0,0.2,3,-2.0250587052840068,2.713269247081093,0.5867404851706962,164.0
0.0,0.2,4,-2.330036639512301,2.9905589329954774,0.5618962200480397,123.0
0.0,0.2,5,-1.7000092792880217,2.4644219678220525,0.6146245451200649,144.0
0.0,0.2,6,-1.7208386871237076,2.630815549169941,0.6670741204952855,139.0
0.0,0.2,7,-1.8618094281195154,2.563390735742172,0.5929019126800419,159.0
0.0,0.2,8,-2.922046079394159,3.343514065790381,0.630070589158272,118.0
0.0,0.2,9,-3.3650150917514563,3.115046468341034,0.5057764085772138,118.0
0.0,0.30000000000000004,0,-3.028267790887765,2.938761058996988,0.416494233700879,125.0
0.0,0.30000000000000004,1,-2.801553735942246,2.876571001968726,0.4430932359679231,131.0
0.0,0.30000000000000004,2,-1.6308413530102321,2.6125699229929182,0.6812971391894612,106.0
0.0,0.30000000000000004,3,-2.8629446515865524,2.798824160417132,0.43202589469244607,124.0
0.0,0.30000000000000004,4,-1.2541113266685013,2.6864379929382722,0.8384893344054702,144.0
0.0,0.30000000000000004,5,-2.3337452410944137,2.76786713805201,0.5002881318441542,140.0
0.0,0.30000000000000004,6,-2.553425595648505,2.610625681241488,0.4282699996022695,133.0
0.0,0.30000000000000004,7,-2.6557734471084244,2.884616978011933,0.4863512533756766,106.0
0.0,0.30000000000000004,8,-2.119627630540888,2.7995464276268973,0.5783889705551386,131.0
0.0,0.30000000000000004,9,-3.3087900457826214,3.075025836283032,0.45328699838981956,129.0
0.0,0.4,0,-1.0363570224697367,2.1684316101917136,0.8177441629691782,95.0
0.0,0.4,1,-2.317764866963951,2.861644930284674,0.6071541776507483,119.0
0.0,0.4,2,-1.3260129685389335,2.3258208228405084,0.7450701321943799,99.0
0.0,0.4,3,-1.0832293665622204,2.054865575291481,0.7807614280827615,99.0
0.0,0.4,4,-2.473800283821086,3.041354731653047,0.6445037449775146,132.0
0.0,0.4,5,-1.698652377573406,2.838212690357807,0.7717036806161479,114.0
0.0,0.4,6,-1.5988768775430553,2.7280902448649544,0.8053358155232945,128.0
0.0,0.4,7,-2.1735402137914037,2.5285243921885687,0.5169286141353684,101.0
0.0,0.4,8,-1.5236858477225577,2.7050092687165335,0.7835073032896063,110.0
0.0,0.4,9,-2.22466309376377,3.0296240291372922,0.6794316944854931,118.0
0.0,0.5,0,-0.28881589557601123,2.0179965174703947,0.989241202899773,119.0
0.0,0.5,1,-0.33348845603627675,2.2861750823196294,0.9934367372723477,488.0
0.0,0.5,2,-0.32209947361784025,1.9424853075958994,0.9863968299031998,112.0
0.0,0.5,3,-0.5393537586322773,2.040628612924376,0.95167115920841,120.0
0.0,0.5,4,-0.8711718607667412,1.9925423747528248,0.8649759117346831,95.0
0.0,0.5,5,-0.9040540218198332,1.9273145669955571,0.847066294420346,96.0
0.0,0.5,6,-0.8565082876007677,1.9220882902550152,0.8581782524775294,102.0
0.0,0.5,7,-0.1578323410024393,1.7155837237851923,0.9958953763980696,108.0
0.0,0.5,8,-0.4658935572009833,1.9895485004669222,0.9607659901238484,114.0
0.0,0.5,9,-0.5718545115051465,2.2515123957480414,0.9683151707247444,102.0
0.0,0.6000000000000001,0,-0.33825343219375864,1.544258962657481,0.9775929776500358,111.0
0.0,0.6000000000000001,1,-0.39792453866493777,1.660468663264341,0.9712874717748246,106.0
0.0,0.6000000000000001,2,-0.2339213224037609,1.6487920726364829,0.9901738671043444,107.0
0.0,0.6000000000000001,3,-0.5194925287245541,1.9262535560485463,0.9595233782267896,103.0
0.0,0.6000000000000001,4,-0.32554885630965924,1.6732995019078458,0.979370335172239,97.0
0.0,0.6000000000000001,5,-0.19086779155089992,1.6148832302812264,0.9944447372450731,102.0
0.0,0.6000000000000001,6,-0.04477903179271716,1.670099002396013,0.9999281282109573,120.0
0.0,0.6000000000000001,7,-0.22857674760002358,1.8021321687073515,0.9919025555999492,93.0
0.0,0.6000000000000001,8,-0.16171213589441683,1.683166532358972,0.9961308784961204,113.0
0.0,0.6000000000000001,9,-0.2872549650219016,1.6558576998690806,0.9862869317822971,107.0
0.0,0.7000000000000001,0,-0.31246162215490253,1.5959552112026048,0.9851723537879591,107.0
0.0,0.7000000000000001,1,-0.1629742894890698,1.5333864592888664,0.9970203891866513,109.0
0.0,0.7000000000000001,2,-0.18907678289819455,1.4374021165139217,0.9947694127686346,119.0
0.0,0.7000000000000001,3,-0.18701934209345233,1.4620868640484364,0.9947066307521003,100.0
0.0,0.7000000000000001,4,-0.1488259532139397,1.539792367174664,0.9971533091813283,93.0
0.0,0.7000000000000001,5,-0.2291795830744285,1.48158635030938,0.9914218176254417,105.0
0.0,0.7000000000000001,6,-0.1349241577621968,1.5054235892574157,0.9983523799835855,98.0
0.0,0.7000000000000001,7,-0.13273028332163053,1.4915187600892816,0.9970572113780758,99.0
0.0,0.7000000000000001,8,-0.23432559568268352,1.4960230773691077,0.9916657145533081,102.0
0.0,0.7000000000000001,9,-0.1463470419196666,1.4833095792060296,0.9975512138600386,125.0
0.0,0.8,0,-0.1365828842907121,1.367010374393947,0.9981802593173407,100.0
0.0,0.8,1,-0.1979819586601057,1.3550897072082888,0.9961037491025221,94.0
0.0,0.8,2,-0.11614802018115983,1.3644671198294391,0.998393996636239,98.0
0.0,0.8,3,-0.19106340787492884,1.3411604490821196,0.9958675739722991,102.0
0.0,0.8,4,-0.23034684074683465,1.4047364761595516,0.9936591686050724,116.0
0.0,0.8,5,-0.23982334939109198,1.3940608628672435,0.9935819829382031,94.0
0.0,0.8,6,-0.21869220748284948,1.3960065063007048,0.9951541779723727,115.0
0.0,0.8,7,-0.1549223880212039,1.33392201594337,0.9974616795924308,111.0
0.0,0.8,8,-0.18574863705261985,1.4163025073619235,0.9964169948869301,104.0
0.0,0.8,9,-0.2096410342091485,1.3817881556176945,0.9944384602051567,116.0
0.0,0.9,0,-0.1553548786816779,1.201861893415324,0.9982702651243227,108.0
0.0,0.9,1,-0.142062172921527,1.2668160596344413,0.9982827547118024,110.0
0.0,0.9,2,-0.2154084198018234,1.2514175960685767,0.9968381073648045,99.0
0.0,0.9,3,-0.12070940972853877,1.2402870508173458,0.9987892626244559,113.0
0.0,0.9,4,-0.17941138928004233,1.2770338378422317,0.9977874969979218,91.0
0.0,0.9,5,-0.14165301960324048,1.2352586108864256,0.9987977508253638,90.0
0.0,0.9,6,-0.2393610599290732,1.2613648498243129,0.9960485665118228,96.0
0.0,0.9,7,-0.20446490419546323,1.2676797930878634,0.9975544443327553,121.0
0.0,0.9,8,-0.2018082904942254,1.2537319959719024,0.9967647649157358,115.0
0.0,0.9,9,-0.17081317544794794,1.2242861763452222,0.9974954106051677,118.0
0.0,1.0,0,-0.1701887817134992,1.200404020872714,0.998628137741405,98.0
0.0,1.0,1,-0.16711422800069126,1.2138512461105262,0.9988177798233857,102.0
0.0,1.0,2,-0.15179405417251926,1.2111189283345811,0.9994404416805386,94.0
0.0,1.0,3,-0.19459990686567535,1.1753766836408963,0.9984807643883136,112.0
0.0,1.0,4,-0.19311399800722637,1.1624347439363512,0.9983245019698448,108.0
0.0,1.0,5,-0.19814612247816374,1.2329919364247792,0.99841594109322,89.0
0.0,1.0,6,-0.18979371986997084,1.1905151065713966,0.9981896613586514,107.0
0.0,1.0,7,-0.1996142136968936,1.121944081487323,0.9984193073394089,126.0
0.0,1.0,8,-0.2550367127552854,1.1973795088075398,0.9976372386084393,98.0
0.0,1.0,9,-0.2373139183398575,1.2025950568799746,0.99779902151095,89.0
0.05,0.0,0,1.7812331248062268,2.1732112688477945,0.4471697646139935,54.0
0.05,0.0,1,1.7646413968791501,2.2087480447891115,0.4578223365039227,73.0
0.05,0.0,2,1.7851509793256262,2.155709783072121,0.43835478828942387,56.0
0.05,0.0,3,1.7141382760756394,2.2227387689840086,0.47861193490328474,64.0
0.05,0.0,4,1.7763400262707547,2.1344215270352604,0.4399830352472897,95.0
0.05,0.0,5,1.7644274360465841,2.170129500558876,0.458652568254938,53.0
0.05,0.0,6,1.817609265524137,2.169526065409431,0.43404125845025165,66.0
0.05,0.0,7,1.794213626412993,2.1530121218077,0.44082997812272773,79.0
0.05,0.0,8,1.7821280365892387,2.1346721392224723,0.44207716220868515,56.0
0.05,0.0,9,1.759320571099098,2.0919923895938393,0.4323443179041292,53.0
0.05,0.1,0,1.8351456651666567,2.17772378956768,0.4450944593952345,51.0
0.05,0.1,1,1.8266637527359064,2.2081648248508516,0.44108542516867455,64.0
0.05,0.1,2,1.821055014642767,2.1673228387097034,0.45139759956383363,70.0
0.05,0.1,3,1.7691603133934757,2.328516620704022,0.4752529402275699,71.0
0.05,0.1,4,1.743636153064579,2.214207859408295,0.4755446408170388,62.0
0.05,0.1,5,1.7551019312843046,2.370616602771185,0.4983003021835479,58.0
0.05,0.1,6,1.7582679798455252,2.3223885232738173,0.479716275995014,78.0
0.05,0.1,7,1.7343547234443992,2.281794697829407,0.4919500502928196,63.0
0.05,0.1,8,1.6709643635354292,2.4013334931435835,0.5204746797452288,72.0
0.05,0.1,9,1.8054371864860583,2.315580435562927,0.49751255372377967,63.0
0.05,0.2,0,1.6170198603242474,2.467045521082462,0.5750325396607515,69.0
0.05,0.2,1,1.8037875838280888,2.3295641484322895,0.5117539652395265,66.0
0.05,0.2,2,1.8121227417533416,2.4345252584446735,0.5391321786488467,81.0
0.05,0.2,3,1.6245960869223035,2.5186856134462254,0.5775900129361099,59.0
0.05,0.2,4,1.745485469972537,2.447571235975655,0.560443399074578,66.0
0.05,0.2,5,1.737359209539493,2.4326233603712515,0.5426051485965548,90.0
0.05,0.2,6,1.6979307680368458,2.4760390022362575,0.5494400897160179,97.0
0.05,0.2,7,1.728599344416608,2.44234014685687,0.569086248468598,69.0
0.05,0.2,8,1.8672170657836284,2.3764575839613817,0.503824692461984,76.0
0.05,0.2,9,1.759053263102907,2.450971356159637,0.5538157677096766,63.0
0.05,0.30000000000000004,0,1.9264312180908263,2.455266043222069,0.5615119814852181,77.0
0.05,0.30000000000000004,1,1.9727137353799795,2.389345580419706,0.5432986630731982,110.0
0.05,0.30000000000000004,2,1.8282109460583618,2.593081482667866,0.5897314495743584,67.0
0.05,0.30000000000000004,3,1.8562594346581547,2.5179647000077643,0.5936244895144465,70.0
0.05,0.30000000000000004,4,1.7287495457436797,2.627972383791064,0.6120679492636592,85.0
0.05,0.30000000000000004,5,1.7679241627890212,2.5960036364506407,0.6298246222135535,85.0
0.05,0.30000000000000004,6,1.8749395854566633,2.566624859300725,0.5725435873827063,75.0
0.05,0.30000000000000004,7,1.6894008199029726,2.6315858426213925,0.6147226076307478,83.0
0.05,0.30000000000000004,8,1.851644053477854,2.5147314513859107,0.5758145675824177,78.0
0.05,0.30000000000000004,9,1.895930391767944,2.5546865859044425,0.5815954286066287,80.0
0.05,0.4,0,1.9219417201673117,2.6301227740312063,0.6180278411705604,133.0
0.05,0.4,1,2.046104995824945,2.672655145606801,0.6161393515319518,94.0
0.05,0.4,2,2.0128612080408272,2.575744929324652,0.6198289874651366,128.0
0.05,0.4,3,2.0592978184502644,2.5831065687816652,0.5976062816286895,127.0
0.05,0.4,4,2.0388934529242175,2.5814756511554218,0.5970466213439737,128.0
0.05,0.4,5,2.0852601537772175,2.491038488149929,0.5871025733461082,124.0
0.05,0.4,6,2.109189308074903,2.5419711836472136,0.5877937182589134,84.0
0.05,0.4,7,2.0367018110225064,2.52224455462364,0.6008785558469679,103.0
0.05,0.4,8,2.0423213998327197,2.6037708257933385,0.5998152195987112,114.0
0.05,0.4,9,2.1164693326410458,2.426714558601981,0.5696911808999103,131.0
0.05,0.5,0,2.2235453510800167,2.6624740343405673,0.6405096357537499,160.0
0.05,0.5,1,2.2824476248997287,2.546017633685573,0.601584840507379,126.0
0.05,0.5,2,2.2199055832763106,2.529801141351588,0.6220087800807526,134.0
0.05,0.5,3,2.2750411368674492,2.6085011654018464,0.6117972991537561,176.0
0.05,0.5,4,2.2762989718181723,2.5558209517653943,0.612500775684306,143.0
0.05,0.5,5,2.248050581671894,2.551861994607216,0.6126720069153115,139.0
0.05,0.5,6,2.244893313401779,2.6278330305156734,0.6263933638286614,155.0
0.05,0.5,7,2.227823843007274,2.627743919133004,0.6308471877105507,118.0
0.05,0.5,8,2.294949995247616,2.555559508106912,0.6111295561044998,133.0
0.05,0.5,9,2.323871814439742,2.5332953986976747,0.5948950499688606,154.0
0.05,0.6000000000000001,0,2.458490201324638,2.6782551385798885,0.66618541147991,203.0
0.05,0.6000000000000001,1,2.432439707581952,2.76763785637097,0.6793916670834865,183.0
0.05,0.6000000000000001,2,2.453487091972309,2.718208219930907,0.6716007071494202,185.0
0.05,0.6000000000000001,3,2.406393429849729,2.68633623295439,0.6741529151322092,184.0
0.05,0.6000000000000001,4,2.4791831794810806,2.604377269222369,0.65780569380617,262.0
0.05,0.6000000000000001,5,2.334972412241001,2.779604992165914,0.6996196663173953,207.0
0.05,0.6000000000000001,6,2.4246339335412235,2.7136676571945726,0.6738285664440478,231.0
0.05,0.6000000000000001,7,2.3594132088206843,2.7697664634621986,0.6954460274792824,259.0
0.05,0.6000000000000001,8,2.489363097331206,2.735016732698565,0.6628634664475127,166.0
0.05,0.6000000000000001,9,2.4059831765268895,2.69051485711441,0.6692836181654824,182.0
0.05,0.7000000000000001,0,2.555019566136218,2.9202648236687687,0.7639504810084741,354.0
0.05,0.7000000000000001,1,2.4856799139518144,2.8884609622288075,0.7706255916617484,439.0
0.05,0.7000000000000001,2,2.364141624768815,2.905607696785762,0.787645201654147,194.0
0.05,0.7000000000000001,3,2.5021886903899735,2.9311556210453777,0.7723213531380904,376.0
0.05,0.7000000000000001,4,2.472803991375176,2.8615646032504434,0.7691702297989367,322.0
0.05,0.7000000000000001,5,2.5610000066183467,2.909768587123888,0.7613247346173377,356.0
0.05,0.7000000000000001,6,2.4996572288405186,2.894615507262868,0.7650816162137121,273.0
0.05,0.7000000000000001,7,2.4877113940639886,2.896353096086436,0.7698974853688987,291.0
0.05,0.7000000000000001,8,2.5348636605955597,2.9366747970767806,0.7690525768857328,248.0
0.05,0.7000000000000001,9,2.4599792775756697,2.887980668734973,0.7730009554156143,313.0
0.05,0.8,0,2.2536561060830342,3.0697583893939693,0.8961560851623692,299.0
0.05,0.8,1,2.13070968414694,2.9897239743234665,0.9009636249250985,217.0
0.05,0.8,2,2.261888008808073,3.0587233811390404,0.8983802838341984,353.0
0.05,0.8,3,2.3117270527600517,3.062200373560415,0.8933058866872308,273.0
0.05,0.8,4,2.16156587676672,3.0535266457440087,0.9054558963351595,196.0
0.05,0.8,5,2.177505304292753,2.9861291435874984,0.9022973121691615,163.0
0.05,0.8,6,2.2958144827085674,3.0388733936089034,0.8910375502686997,309.0
0.05,0.8,7,2.229380779998232,3.1121489440030325,0.9005058163099324,188.0
0.05,0.8,8,2.1883602480560653,3.039154634328557,0.9050657394318267,293.0
0.05,0.8,9,2.2083468518949405,3.0518474265291964,0.901774979812142,205.0
0.05,0.9,0,0.3012948555848652,2.311798384907345,0.9971536467536976,87.0
0.05,0.9,1,0.38427891876989584,2.4032448201993324,0.9967216067129254,91.0
0.05,0.9,2,0.35102155493813714,2.349087822687939,0.9964256194491853,88.0
0.05,0.9,3,0.46310554136821247,2.4950348222833836,0.9958717960398129,90.0
0.05,0.9,4,0.3323531222390735,2.359686043359716,0.9975048631705625,96.0
0.05,0.9,5,0.3244937966799759,2.379480805911412,0.997243949559316,75.0
0.05,0.9,6,0.38465508515124375,2.4836743903243548,0.9963901711246278,74.0
0.05,0.9,7,0.39669108393954083,2.4051223627698466,0.9968899533774115,106.0
0.05,0.9,8,0.3500683122536905,2.376096387920939,0.9973150329252038,111.0
0.05,0.9,9,0.3712874760328394,2.4460567636602817,0.9966662741313108,112.0
0.05,1.0,0,-1.65974566026511,2.6181249050240782,0.9895502314955438,67.0
0.05,1.0,1,-1.6097709343525322,2.574471416878704,0.9890850936580944,74.0
0.05,1.0,2,-1.751675952864283,2.6844350258848215,0.9883514757177458,76.0
0.05,1.0,3,-1.6215293861065834,2.631522320858513,0.9892851576464529,61.0
0.05,1.0,4,-1.6248670631966606,2.605178669701145,0.988086925616406,64.0
0.05,1.0,5,-1.7411376484700654,2.650174313623597,0.9888809108394299,93.0
0.05,1.0,6,-1.6303650870852404,2.604817933569969,0.988149051461453,58.0
0.05,1.0,7,-1.682765452579529,2.6443561302836893,0.9873010694942788,75.0
0.05,1.0,8,-1.662234909231906,2.6576638516851956,0.9882255765558932,67.0
0.05,1.0,9,-1.7622063864237931,2.6732123847637603,0.9867833702586057,71.0
0.1,0.0,0,2.469407381829055,2.380344558831454,0.2700178946342932,67.0
0.1,0.0,1,2.4987496114619923,2.322322397876129,0.24035596834149445,86.0
0.1,0.0,2,2.4682004566452753,2.3038079940514233,0.24544098107159168,77.0
0.1,0.0,3,2.4453969794361967,2.359784604606462,0.263783437424988,89.0
0.1,0.0,4,2.453137614487607,2.394091840874556,0.27967814336531127,69.0
0.1,0.0,5,2.4540850777518477,2.3304774363966967,0.25832584205297443,63.0
0.1,0.0,6,2.413341261129566,2.3836942518140236,0.2874691153704445,74.0
0.1,0.0,7,2.404779855959194,2.342236786291263,0.2701134214485761,73.0
0.1,0.0,8,2.459320739272982,2.3537692542702113,0.26729863665223136,70.0
0.1,0.0,9,2.3995136884544954,2.373045755983725,0.2773655781396191,76.0
0.1,0.1,0,2.369705259671236,2.5279526979767355,0.33792542944287884,61.0
0.1,0.1,1,2.2670924226687053,2.6550315112518925,0.40254838722142183,72.0
0.1,0.1,2,2.3301178221064967,2.545163877079148,0.34778360774773504,69.0
0.1,0.1,3,2.4925543241062176,2.478096646103065,0.32145298732562533,72.0
0.1,0.1,4,2.504179712599313,2.4382970123215912,0.3117569575127473,74.0
0.1,0.1,5,2.4627952462192075,2.5445710982528342,0.3314136116874028,77.0
0.1,0.1,6,2.442841562256935,2.5319335050474083,0.32980177660482285,93.0
0.1,0.1,7,2.485859877384492,2.439689520025396,0.2966152445944757,70.0
0.1,0.1,8,2.4485928860208506,2.5242199901469218,0.3429605901690041,98.0
0.1,0.1,9,2.4983187484540883,2.460574456154873,0.31128682857165063,83.0
0.1,0.2,0,2.472247773387364,2.5583748209172548,0.37154144179028153,87.0
0.1,0.2,1,2.540688145488337,2.6110878834742537,0.3854799190805312,107.0
0.1,0.2,2,2.5925614000582313,2.5247112426461076,0.34638840822114564,118.0
0.1,0.2,3,2.4212001407725623,2.6919860986345636,0.40808706131714967,101.0
0.1,0.2,4,2.424078330290729,2.6736713476131975,0.4049638328568167,99.0
0.1,0.2,5,2.411013845663951,2.686062726190912,0.39785089227539683,86.0
0.1,0.2,6,2.504672550941577,2.560694334404863,0.35987189512447476,83.0
0.1,0.2,7,2.3532143868506186,2.688526664638751,0.4229520333519684,106.0
0.1,0.2,8,2.4760802441403853,2.615222015702279,0.37254435321670765,84.0
0.1,0.2,9,2.5448814566078077,2.5611508042067683,0.3700758774100595,91.0
0.1,0.30000000000000004,0,2.684256641461079,2.7161484363285537,0.40817414145668285,145.0
0.1,0.30000000000000004,1,2.71550904491114,2.631951105586623,0.3800789478549002,170.0
0.1,0.30000000000000004,2,2.3900987978226937,2.8680938480240994,0.49590192410397094,141.0
0.1,0.30000000000000004,3,2.5471995282376185,2.743253266740393,0.42072051940345184,130.0
0.1,0.30000000000000004,4,2.7883895568384927,2.5573993342515076,0.3576907368283523,187.0
0.1,0.30000000000000004,5,2.715912790989757,2.6796398170738094,0.3953831649263806,117.0
0.1,0.30000000000000004,6,2.73776164674106,2.655500875883485,0.39270155890779945,136.0
0.1,0.30000000000000004,7,2.7052069725341403,2.66500268249178,0.3947933486816709,171.0
0.1,0.30000000000000004,8,2.647943807370155,2.6416537646211955,0.3955089254329308,136.0
0.1,0.30000000000000004,9,2.6544149556842966,2.729883203560821,0.40591223112950037,139.0
0.1,0.4,0,2.985432869108848,2.737721827468226,0.4076428404974267,265.0
0.1,0.4,1,2.9948033290342786,2.6485679748380813,0.3775836729768967,244.0
0.1,0.4,2,2.898123052439846,2.785816954500952,0.4316203071225626,245.0
0.1,0.4,3,3.0075358968559467,2.7475925711325093,0.4009883948104694,201.0
0.1,0.4,4,2.781762602390904,2.862810854651015,0.46903990804413337,231.0
0.1,0.4,5,2.818100350511222,2.7842669481080167,0.4284255724046174,203.0
0.1,0.4,6,2.9235096150686357,2.7024886750102386,0.4105396666889153,163.0
0.1,0.4,7,2.9867541198180194,2.70160640924835,0.3916882747175423,278.0
0.1,0.4,8,2.88736166604925,2.767203900833513,0.4374551932686562,349.0
0.1,0.4,9,2.9260245738443333,2.7945214692085787,0.42869867884753216,292.0
0.1,0.5,0,3.230314709560117,2.763947031148452,0.4404331913118735,388.0
0.1,0.5,1,3.2245916919222695,2.815230813266265,0.44271616074161724,488.0
0.1,0.5,2,3.2612475643708603,2.7947061902095025,0.4335035710882526,501.0
0.1,0.5,3,3.180647252796028,2.7636522184888843,0.44334344499452716,335.0
0.1,0.5,4,3.179618734525575,2.8261585299546534,0.46562713896730185,263.0
0.1,0.5,5,3.1884434125056704,2.7917425395669517,0.4540046924310387,361.0
0.1,0.5,6,3.196409383809739,2.8112056452415297,0.45038212966698316,460.0
0.1,0.5,7,3.246069660229855,2.770883807417694,0.43148080818051693,283.0
0.1,0.5,8,3.179805208166372,2.792377792246226,0.4507662281272327,409.0
0.1,0.5,9,3.1967641391392663,2.8393657235537937,0.45163604310413497,473.0
0.1,0.6000000000000001,0,3.5539911642127455,2.9806981277591413,0.5090164126555821,598.0
0.1,0.6000000000000001,1,3.460710153131271,3.0112571535684296,0.535178018272921,462.0
0.1,0.6000000000000001,2,3.5227156213568813,2.966053845872215,0.5150180522067213,321.0
0.1,0.6000000000000001,3,3.517536338147518,2.967668369207426,0.5055880625489058,548.0
0.1,0.6000000000000001,4,3.5317822288204384,2.9788028288943287,0.5086784587614526,492.0
0.1,0.6000000000000001,5,3.665126737308843,2.932506756404721,0.4818515232726507,638.0
0.1,0.6000000000000001,6,3.565152530910049,3.038800763807724,0.5197415305493628,542.0
0.1,0.6000000000000001,7,3.611251449407438,2.941355033628848,0.4865974941323809,536.0
0.1,0.6000000000000001,8,3.5171675500141237,3.0091443504637656,0.5170154656672316,516.0
0.1,0.6000000000000001,9,3.5977996119918965,2.9718409838926445,0.5034587705355161,622.0
0.1,0.7000000000000001,0,3.7721097191627377,3.181534912041789,0.6234425023802181,445.0
0.1,0.7000000000000001,1,3.6415088354886964,3.246780688279263,0.6531509817437267,430.0
0.1,0.7000000000000001,2,3.9047312804036163,3.2293501281023467,0.6238553348421119,500.0
0.1,0.7000000000000001,3,3.802974430040501,3.2535200198241725,0.6315473941456065,439.0
0.1,0.7000000000000001,4,3.7903798887828017,3.2605544936118194,0.6299085607475736,472.0
0.1,0.7000000000000001,5,3.687778951967301,3.2057346380890297,0.6430772633717174,520.0
0.1,0.7000000000000001,6,3.868853353664905,3.1798755466398503,0.613295786589074,570.0
0.1,0.7000000000000001,7,3.8342945848152747,3.2436079187243543,0.6178997061116333,485.0
0.1,0.7000000000000001,8,3.8465540947798003,3.220207244229216,0.6166166136953876,575.0
0.1,0.7000000000000001,9,3.79042949493802,3.192267348939798,0.6271030144504333,497.0
0.1,0.8,0,2.1206294783961814,3.248728290989405,0.953725250264787,231.0
0.1,0.8,1,2.165815000674877,3.329325876043892,0.9469067834698077,155.0
0.1,0.8,2,2.186207473366465,3.2712996041417446,0.9424547339548844,167.0
0.1,0.8,3,2.1688182396239473,3.273780922865538,0.9391682144658456,210.0
0.1,0.8,4,2.1653459462281366,3.3346791530642843,0.9436051753568973,171.0
0.1,0.8,5,2.377599309280249,3.295074820071447,0.9370260623939354,187.0
0.1,0.8,6,2.188911818402739,3.2770692123393754,0.9436515192948138,174.0
0.1,0.8,7,2.3325065888230188,3.4265598562061994,0.94382229016018,164.0
0.1,0.8,8,2.2972360880558576,3.3679589032852726,0.9386286824984791,185.0
0.1,0.8,9,2.033385152694237,3.3408823564509946,0.9462668573033199,189.0
0.1,0.9,0,-2.4979101928388934,2.97961316519983,0.9759289183722724,100.0
0.1,0.9,1,-2.5329653343368395,2.9743893451633863,0.9794980643136619,86.0
0.1,0.9,2,-2.5211080872395977,2.9809715451013687,0.9785611816672126,72.0
0.1,0.9,3,-2.547477273444867,2.9668951288981287,0.9779667496534163,100.0
0.1,0.9,4,-2.5362653562291575,3.0214039423829457,0.9813823457738953,122.0
0.1,0.9,5,-2.6112181879125256,3.051230484655947,0.9771832167855841,106.0
0.1,0.9,6,-2.521448734208884,2.999851360814306,0.9779905138889604,106.0
0.1,0.9,7,-2.615818420701534,3.0045655635442374,0.980319115841511,102.0
0.1,0.9,8,-2.4919586064079686,2.9900439912881915,0.9786441843922936,96.0
0.1,0.9,9,-2.571645174055192,2.9835815768176017,0.9787801429945511,70.0
0.1,1.0,0,-3.4061320167330407,2.9260610576756223,0.8837005809295135,88.0
0.1,1.0,1,-3.4252602215598507,2.9205385874349936,0.8762788861858661,85.0
0.1,1.0,2,-3.397192813762426,2.9040055449839466,0.8854096868592598,103.0
0.1,1.0,3,-3.3552595666109064,2.95568798733711,0.8859331369681273,96.0
0.1,1.0,4,-3.3635490787889664,2.9421069782045186,0.8874043705461583,104.0
0.1,1.0,5,-3.3854207596921997,2.926475326251865,0.883286076471332,88.0
0.1,1.0,6,-3.5390147533612786,2.9598203130660794,0.8756318813234063,103.0
0.1,1.0,7,-3.341378247254977,2.958592581874845,0.8909718613854833,82.0
0.1,1.0,8,-3.403919256971402,2.8932028758266837,0.8835668946377518,96.0
0.1,1.0,9,-3.43113590122276,2.980445616357175,0.883464885355524,93.0
0.15000000000000002,0.0,0,2.9613235733070615,2.495291443264626,0.1796071666476299,86.0
0.15000000000000002,0.0,1,2.871276323530645,2.5058330058610414,0.1960729120401174,143.0
0.15000000000000002,0.0,2,2.922053798440518,2.5154272922534204,0.18449884507649217,89.0
0.15000000000000002,0.0,3,2.968664544397334,2.482065202169811,0.17153568671774222,128.0
0.15000000000000002,0.0,4,2.8987819305938882,2.54007071915084,0.19901013656303046,125.0
0.15000000000000002,0.0,5,2.9345065078642882,2.555366980532666,0.19800731789742476,85.0
0.15000000000000002,0.0,6,2.847347330983465,2.4684832325284276,0.19798275402385615,135.0
0.15000000000000002,0.0,7,2.9521095261886177,2.50606253414482,0.18490304437228108,75.0
0.15000000000000002,0.0,8,2.904969706061249,2.5989931237869257,0.210778500921385,104.0
0.15000000000000002,0.0,9,2.9387821488672343,2.4446057565622543,0.16501857211264276,79.0
0.15000000000000002,0.1,0,2.880162423075197,2.7579436510785094,0.2759127660133035,101.0
0.15000000000000002,0.1,1,2.886352842926015,2.648027336181135,0.2603973445103558,110.0
0.15000000000000002,0.1,2,2.8592872357008674,2.7082008293559108,0.2809275965609056,83.0
0.15000000000000002,0.1,3,2.882281250799983,2.7026959346057717,0.26903759575114927,109.0
0.15000000000000002,0.1,4,2.8596362168745832,2.6866535223351393,0.27993494314271433,97.0
0.15000000000000002,0.1,5,2.8933952567607255,2.622247393089225,0.24474439290694378,98.0
0.15000000000000002,0.1,6,2.9981098889654785,2.6750857682000304,0.24147342346870987,76.0
0.15000000000000002,0.1,7,2.9235589381102987,2.6035443722260307,0.22397042560281596,73.0
0.15000000000000002,0.1,8,2.915292107126422,2.652568675452451,0.261089982696639,95.0
0.15000000000000002,0.1,9,2.848703829972067,2.6954114586547644,0.2597843038572154,98.0
0.15000000000000002,0.2,0,2.981766733404124,2.8367305330705843,0.3252282791763035,148.0
0.15000000000000002,0.2,1,3.1174754802755307,2.6853737914171782,0.2667798172051339,248.0
0.15000000000000002,0.2,2,2.908735434171379,2.8591775080127846,0.33879900267701046,166.0
0.15000000000000002,0.2,3,3.0677368413214894,2.8204560540999326,0.2959549422601395,194.0
0.15000000000000002,0.2,4,2.7599139998711055,2.9704790720387635,0.35622047782306776,187.0
0.15000000000000002,0.2,5,3.082346137570384,2.7341403494616463,0.273120804971331,194.0
0.15000000000000002,0.2,6,2.8199571809442787,2.817764935126956,0.34046691554275865,229.0
0.15000000000000002,0.2,7,2.9696004151071427,2.740947321634604,0.2921721075907802,156.0
0.15000000000000002,0.2,8,2.8980418328135475,2.8819083349785206,0.31539290842633627,221.0
0.15000000000000002,0.2,9,2.9567938630040467,2.8478144802116936,0.3218519496463924,172.0
0.15000000000000002,0.30000000000000004,0,3.257185336877568,2.883350534705392,0.3163884169175185,347.0
0.15000000000000002,0.30000000000000004,1,3.225032553114309,2.795817793289972,0.30483686530205645,327.0
0.15000000000000002,0.30000000000000004,2,2.9881795423739623,2.8233409304285533,0.32607561723699047,380.0
0.15000000000000002,0.30000000000000004,3,3.2075751699964203,2.8286497739731793,0.32533164833361156,350.0
0.15000000000000002,0.30000000000000004,4,3.152993545543002,2.848661043514956,0.33318880716526966,432.0
0.15000000000000002,0.30000000000000004,5,3.2124164773362094,2.8244457915740537,0.31790856690670716,239.0
0.15000000000000002,0.30000000000000004,6,3.129608921766127,2.8311046460600684,0.32080941541010244,285.0
0.15000000000000002,0.30000000000000004,7,3.049502991335089,2.8613470909435588,0.3381632034996921,293.0
0.15000000000000002,0.30000000000000004,8,3.1860157222241803,2.900527603547759,0.3462592181059112,297.0
0.15000000000000002,0.30000000000000004,9,3.2761982742871574,2.9065351704168663,0.33159567865963707,218.0
0.15000000000000002,0.4,0,3.5118598734648945,2.7465470912896013,0.3007103586105236,312.0
0.15000000000000002,0.4,1,3.4473192935460535,2.972585791018933,0.35313523095800525,442.0
0.15000000000000002,0.4,2,3.549081181304571,2.86962977978385,0.3242981723517092,489.0
0.15000000000000002,0.4,3,3.5870135036352004,2.8396089792954884,0.3121441082430797,1252.0
0.15000000000000002,0.4,4,3.494950762583349,2.9460390594029233,0.343885009000922,479.0
0.15000000000000002,0.4,5,3.3615252029320426,3.080073294070168,0.3979096139356003,441.0
0.15000000000000002,0.4,6,3.4478705123224263,2.9483519247900647,0.3420385452612417,462.0
0.15000000000000002,0.4,7,3.5625880982746856,2.834752962357891,0.31159189233970397,468.0
0.15000000000000002,0.4,8,3.5466005950927473,2.858187583266623,0.3287121131250685,484.0
0.15000000000000002,0.4,9,3.5040016414834443,2.881355711266062,0.34832480197266746,1503.0
0.15000000000000002,0.5,0,3.833512018513808,3.002817847634591,0.3714474307702122,392.0
0.15000000000000002,0.5,1,3.7858411357550246,2.9601015060648503,0.39024408524936954,471.0
0.15000000000000002,0.5,2,3.867830011318531,2.951656596621834,0.3633283796311226,521.0
0.15000000000000002,0.5,3,3.8538159424563845,2.957711278594141,0.36838254163640033,510.0
0.15000000000000002,0.5,4,3.793314640658527,2.9971077022083312,0.3820881896915854,472.0
0.15000000000000002,0.5,5,3.878824862302822,3.0354583754180484,0.3720959074102945,1404.0
0.15000000000000002,0.5,6,3.8788398342930237,2.9633799426070473,0.3596836845710164,540.0
0.15000000000000002,0.5,7,3.9565118894030067,2.9140029098141325,0.34947902559479055,498.0
0.15000000000000002,0.5,8,3.873940172071226,3.0217254766211323,0.38817407798988957,1419.0
0.15000000000000002,0.5,9,3.929820140233171,3.014567021084487,0.365211554102712,1326.0
0.15000000000000002,0.6000000000000001,0,4.366795948419684,3.2228142147054695,0.43514915091683587,494.0
0.15000000000000002,0.6000000000000001,1,4.282575559973425,3.211109265264831,0.4443756928720336,496.0
0.15000000000000002,0.6000000000000001,2,4.228478415479933,3.156669706952999,0.4517116387786926,502.0
0.15000000000000002,0.6000000000000001,3,4.2879567005204375,3.193508959662859,0.4471211869946701,461.0
0.15000000000000002,0.6000000000000001,4,4.368466264876805,3.188689707412485,0.4381516076900929,495.0
0.15000000000000002,0.6000000000000001,5,4.330254751338974,3.1795769415022286,0.436760334913151,509.0
0.15000000000000002,0.6000000000000001,6,4.200216828566077,3.1368674540877057,0.4485573311124178,476.0
0.15000000000000002,0.6000000000000001,7,4.323704897164286,3.1968547271727306,0.44352354785178183,516.0
0.15000000000000002,0.6000000000000001,8,4.295510285778047,3.1556392926391617,0.4435115048572579,520.0
0.15000000000000002,0.6000000000000001,9,4.254222999777877,3.1632680296501197,0.4510533028978054,517.0
0.15000000000000002,0.7000000000000001,0,4.142687069762221,3.489267563642534,0.666320746698086,407.0
0.15000000000000002,0.7000000000000001,1,4.03449648213998,3.4534844066668127,0.6808928085612344,427.0
0.15000000000000002,0.7000000000000001,2,4.174663307375943,3.4845545026845097,0.6465551021972517,500.0
0.15000000000000002,0.7000000000000001,3,4.410853827393193,3.478390090197095,0.6339682080849722,483.0
0.15000000000000002,0.7000000000000001,4,3.592895631344613,3.56919499113013,0.7245980191115455,281.0
0.15000000000000002,0.7000000000000001,5,4.307342522939431,3.5599790516878964,0.6244185146965798,488.0
0.15000000000000002,0.7000000000000001,6,3.920894687399521,3.5183855921176894,0.6929486492994831,414.0
0.15000000000000002,0.7000000000000001,7,4.260213690351733,3.489959972465379,0.6457640978514665,517.0
0.15000000000000002,0.7000000000000001,8,4.034389698059664,3.5752690879145326,0.6955003172495942,306.0
0.15000000000000002,0.7000000000000001,9,4.233376930170609,3.535727797292891,0.6656068437246259,406.0
0.15000000000000002,0.8,0,-3.171462123569151,3.152114871954022,0.9510679195443004,131.0
0.15000000000000002,0.8,1,-3.275869101799263,3.1492195996804577,0.9488669386069672,132.0
0.15000000000000002,0.8,2,-3.1884293044473706,3.1835459827333805,0.9506563843290278,106.0
0.15000000000000002,0.8,3,-3.269641692443651,3.2020085656114357,0.9543050274514231,98.0
0.15000000000000002,0.8,4,-3.243685689559468,3.2068473973612592,0.9452499202637001,89.0
0.15000000000000002,0.8,5,-3.227719613866639,3.1245860901840152,0.9451481186792141,178.0
0.15000000000000002,0.8,6,-3.159202529880806,3.1927555848852553,0.9520623346400718,116.0
0.15000000000000002,0.8,7,-3.1340346634076717,3.2642166026522084,0.9514735202490304,98.0
0.15000000000000002,0.8,8,-3.3084491565651533,3.1903162694071874,0.950128466491666,92.0
0.15000000000000002,0.8,9,-3.3077827533205815,3.1855687078231507,0.9502728095080126,114.0
0.15000000000000002,0.9,0,-3.835428065708482,2.9399694283651274,0.8383069436810497,118.0
0.15000000000000002,0.9,1,-3.726290406992444,2.9470998645125652,0.8471444371297381,115.0
0.15000000000000002,0.9,2,-3.700695520906096,2.8995041694238433,0.857348633930917,104.0
0.15000000000000002,0.9,3,-3.723353695421038,2.9614364521550103,0.8569530728695184,88.0
0.15000000000000002,0.9,4,-3.761137964660148,2.925952220017538,0.8399273477596874,122.0
0.15000000000000002,0.9,5,-3.756618346931486,2.931031739153274,0.8571484374283715,95.0
0.15000000000000002,0.9,6,-3.7385351247552188,2.912908590466208,0.8575746154674486,130.0
0.15000000000000002,0.9,7,-3.759438463220495,2.8860676423493374,0.8373666775145636,91.0
0.15000000000000002,0.9,8,-3.735763069081617,2.8873788764725603,0.8523511059306519,109.0
0.15000000000000002,0.9,9,-3.7542647013441663,2.8665998096818877,0.8519440612644773,104.0
0.15000000000000002,1.0,0,-6.719104158540879,3.9806757127558456,0.6554239689265147,277.0
0.15000000000000002,1.0,1,-6.879162695530089,3.943714853098851,0.62752475009735,220.0
0.15000000000000002,1.0,2,-6.79224566624259,3.985610963844538,0.6556873392426597,218.0
0.15000000000000002,1.0,3,-6.981108986160006,3.95578502514237,0.6369415625171284,361.0
0.15000000000000002,1.0,4,-6.601831555904402,3.9388809335883344,0.6394664162988475,292.0
0.15000000000000002,1.0,5,-6.731134884582636,3.9051083928280814,0.6356675458635108,240.0
0.15000000000000002,1.0,6,-6.979543566829161,3.9693570085415235,0.6367797502343913,249.0
0.15000000000000002,1.0,7,-6.337778318791047,3.859651781508998,0.656978193233636,251.0
0.15000000000000002,1.0,8,-6.862410869250105,3.957861674361609,0.6214724016689498,238.0
0.15000000000000002,1.0,9,-6.968932576702405,3.9643679077855616,0.6463541195506035,251.0
0.2,0.0,0,3.336027615040493,2.594388412693077,0.13114040460890405,96.0
0.2,0.0,1,3.3105961634598273,2.6685334616402736,0.1483799026644949,137.0
0.2,0.0,2,3.4010182986390203,2.7464804919727506,0.156782177435053,129.0
0.2,0.0,3,3.3374779487929227,2.6108160071442494,0.12574021075815295,141.0
0.2,0.0,4,3.466520109908262,2.685555516104973,0.12993617569292648,115.0
0.2,0.0,5,3.323524355084325,2.59453353222921,0.1341599530080704,115.0
0.2,0.0,6,3.3928643695141067,2.545625956263743,0.1115701099644511,107.0
0.2,0.0,7,3.3951244247639054,2.6304098023945732,0.12075837300222673,172.0
0.2,0.0,8,3.4365493838265686,2.677268593728297,0.12693306010372318,110.0
0.2,0.0,9,3.3714019835446236,2.6554627371823405,0.1396884255384503,152.0
0.2,0.1,0,3.4326424195352208,2.7078631246516403,0.16911877634472797,186.0
0.2,0.1,1,3.401618018156735,2.7701090303176077,0.18889944593180902,158.0
0.2,0.1,2,3.391323060945187,2.8020688927102517,0.19061019257046857,224.0
0.2,0.1,3,3.4306496688536012,2.6997116990738115,0.16396301272536923,162.0
0.2,0.1,4,3.3656478059864363,2.815517795154703,0.19183703268721838,180.0
0.2,0.1,5,3.364373517013803,2.750187459208213,0.1820707776888003,148.0
0.2,0.1,6,3.228398063770341,2.806720735194328,0.21737804913446063,240.0
0.2,0.1,7,3.4900941144155695,2.6893407708644843,0.1656198029598845,185.0
0.2,0.1,8,3.3086544543947336,2.772010755035494,0.18388582176628554,159.0
0.2,0.1,9,3.4846642179240006,2.7378403483239344,0.168385941786482,152.0
0.2,0.2,0,3.455831997821258,2.8171546679391297,0.2192410442668924,299.0
0.2,0.2,1,3.3647443932493224,2.902606998054138,0.26099422321350474,374.0
0.2,0.2,2,3.4562949368768283,2.793698314444815,0.22252152155578545,300.0
0.2,0.2,3,3.366863043372699,2.9235431908728846,0.25555155978171684,316.0
0.2,0.2,4,3.5712513744556045,2.863859136095686,0.2184197381746451,357.0
0.2,0.2,5,3.3373661555936556,2.9778571100997846,0.28315064310145793,276.0
0.2,0.2,6,3.485583887818141,2.961695422396412,0.25202786886340245,588.0
0.2,0.2,7,3.3138960753138575,2.9130149846187896,0.25236071195031323,408.0
0.2,0.2,8,3.357313171127513,2.8925933054202053,0.2635546155554928,350.0
0.2,0.2,9,3.296899940205875,3.056666919275203,0.2893230692039662,728.0
0.2,0.30000000000000004,0,3.5967368881636155,2.8820239681463287,0.25802592044066136,490.0
0.2,0.30000000000000004,1,3.5425373276985574,2.9189978507955145,0.2842458391194278,1106.0
0.2,0.30000000000000004,2,3.7284460863082898,2.954559845012139,0.26242617836974286,
0.2,0.30000000000000004,3,3.4951022717248614,3.0214422700055135,0.303189861873833,512.0
0.2,0.30000000000000004,4,3.4998168593425487,3.0385600781869417,0.29744727602323207,531.0
0.2,0.30000000000000004,5,3.7285283418903967,2.8824651714298533,0.24069094845355657,554.0
0.2,0.30000000000000004,6,3.6434830832652096,3.0434854644095446,0.2864754138401209,521.0
0.2,0.30000000000000004,7,3.39998806440552,3.1784560353372653,0.334036758284838,496.0
0.2,0.30000000000000004,8,3.756608299040934,2.9539029938744132,0.26752032845793794,524.0
0.2,0.30000000000000004,9,3.3861028895774132,3.0140794795347094,0.2886104833043903,555.0
0.2,0.4,0,3.89511659787594,3.1256692641496224,0.33778909710826976,539.0
0.2,0.4,1,3.9481778450430185,3.0154045612193205,0.30964940883147346,497.0
0.2,0.4,2,3.87250558586394,3.0641753592989294,0.3233694693540753,1127.0
0.2,0.4,3,4.034113893511473,2.969079146941646,0.27689003670479484,525.0
0.2,0.4,4,3.7557145414884756,3.0355986829909014,0.32117107956914026,483.0
0.2,0.4,5,3.984738190940918,3.0634901237444625,0.30755033344337246,541.0
0.2,0.4,6,4.0535454455369,3.0289755306013286,0.28976230314446266,564.0
0.2,0.4,7,3.9263018376955063,3.0476375999431355,0.31258002826837933,1079.0
0.2,0.4,8,3.936504197324822,3.0736503215148723,0.30468693611776015,1098.0
0.2,0.4,9,3.867520576486719,3.11662725020134,0.326848569861678,504.0
0.2,0.5,0,4.379124684074265,3.212996920498301,0.3647425357785485,527.0
0.2,0.5,1,4.111754187940427,3.2081934246376593,0.4080009063128578,509.0
0.2,0.5,2,4.235910375828212,3.205164766579012,0.3768331667544197,515.0
0.2,0.5,3,4.135340176674497,3.1701603077541156,0.4044921308075823,547.0
0.2,0.5,4,4.352292257678495,3.173793549610252,0.36220545426262996,1137.0
0.2,0.5,5,4.26885891891222,3.1729654789385067,0.35566542389969724,529.0
0.2,0.5,6,4.455102480462605,3.202034322988075,0.3544671762213007,527.0
0.2,0.5,7,4.191838974579108,3.1933213108353513,0.37921151237502887,543.0
0.2,0.5,8,4.405332359306127,3.114832276665756,0.33077371277047707,1168.0
0.2,0.5,9,4.408487188688176,3.2084081875320054,0.34715270956173205,537.0
0.2,0.6000000000000001,0,2.3569284187781454,3.8238234831794853,0.8035061943693846,329.0
0.2,0.6000000000000001,1,2.598836749930328,3.703384828963666,0.7796685237380137,233.0
0.2,0.6000000000000001,2,2.2402348829430245,3.751712189258482,0.7886358214104372,293.0
0.2,0.6000000000000001,3,1.9790824249013552,3.8647084141186956,0.8463735027716828,334.0
0.2,0.6000000000000001,4,2.2943271709646393,3.8968936566646057,0.8169572590672014,359.0
0.2,0.6000000000000001,5,2.3301825717526667,3.9204762252953986,0.8153266120208998,334.0
0.2,0.6000000000000001,6,1.9150580016637535,3.8206578229037342,0.8133812637173308,370.0
0.2,0.6000000000000001,7,2.507844453085242,3.717741208138275,0.7889771061387606,467.0
0.2,0.6000000000000001,8,2.465623262690592,3.6801532135038757,0.781200762025434,358.0
0.2,0.6000000000000001,9,1.784592293482338,3.6930201161316214,0.8501326913477127,238.0
0.2,0.7000000000000001,0,-4.0975026325445345,3.8489024867400126,0.8638273696951342,129.0
0.2,0.7000000000000001,1,-4.269021235706004,3.5771214502076063,0.8594946414906449,109.0
0.2,0.7000000000000001,2,-4.2225009578192765,3.68429449187579,0.8478624818046483,252.0
0.2,0.7000000000000001,3,-4.076777197936382,3.916925885113474,0.8788746604800821,126.0
0.2,0.7000000000000001,4,-4.213710591200403,3.903260962368044,0.857902965860683,208.0
0.2,0.7000000000000001,5,-4.280205684515605,3.57685338855914,0.850220959995857,149.0
0.2,0.7000000000000001,6,-4.1541313672586915,3.723898257844218,0.8655482796353933,172.0
0.2,0.7000000000000001,7,-4.145024079091801,3.7670443657661337,0.8595149844692304,184.0
0.2,0.7000000000000001,8,-4.2282748761478794,3.995626931124605,0.8696668018979805,159.0
0.2,0.7000000000000001,9,-4.219474484461652,3.7706913602849017,0.8593144026589038,112.0
0.2,0.8,0,-4.176380313958484,2.885119975429557,0.750723084943337,102.0
0.2,0.8,1,-4.170643729445346,2.9442063255419573,0.7625052834980124,122.0
0.2,0.8,2,-4.149086679750829,2.91702891424292,0.7706391224605991,115.0
0.2,0.8,3,-4.110930084914757,2.8968286758820376,0.7513969885859146,134.0
0.2,0.8,4,-4.270825716995554,2.83803273387261,0.7506399446452308,133.0
0.2,0.8,5,-4.160363014213139,2.8613227452344043,0.7566403493432661,115.0
0.2,0.8,6,-4.151082835331442,2.9251721831379185,0.7532173360862281,84.0
0.2,0.8,7,-4.102344262608584,2.902471004604321,0.7743238999824676,145.0
0.2,0.8,8,-4.094511637308909,2.865020287452203,0.741820270500331,128.0
0.2,0.8,9,-4.197902237559317,2.861537037253174,0.7398939648192842,103.0
0.2,0.9,0,-6.629917752815339,3.84541375117099,0.5810666369916889,190.0
0.2,0.9,1,-6.224108910290053,3.6865790928081417,0.6001759021536623,142.0
0.2,0.9,2,-6.682227166277018,3.7954486009172337,0.5876585768819657,223.0
0.2,0.9,3,-7.013438143240623,3.8851846686080784,0.5712520353870465,225.0
0.2,0.9,4,-6.570849930604342,3.7493666129105847,0.5717280622037331,186.0
0.2,0.9,5,-6.395661533634707,3.7877120243227553,0.618296924859088,292.0
0.2,0.9,6,-6.71221374832502,3.8291854347801513,0.5910017480937181,244.0
0.2,0.9,7,-6.789245294753884,3.8342372893157997,0.5914649853205611,265.0
0.2,0.9,8,-6.350287049307332,3.779617430192068,0.584180011291425,192.0
0.2,0.9,9,-6.399397001182834,3.685353018239372,0.583579753563679,202.0
0.2,1.0,0,-8.452899220634844,4.084828525891174,0.4919781054905756,358.0
0.2,1.0,1,-8.576954555271811,4.1815078801417895,0.4819457540454398,375.0
0.2,1.0,2,-8.750198034987188,4.177087956313206,0.48754135306703866,404.0
0.2,1.0,3,-8.52379775759877,4.070745062985292,0.4818458366504363,392.0
0.2,1.0,4,-8.363988299733656,4.111850441295827,0.5110818892802526,370.0
0.2,1.0,5,-8.456177569619241,4.090388498954073,0.48427429322160087,378.0
0.2,1.0,6,-8.676086682982438,4.0928126107882,0.4959252953107303,387.0
0.2,1.0,7,-8.484910455795552,4.152056041471779,0.5030235482648837,404.0
0.2,1.0,8,-8.656283711717743,4.120445201530222,0.4762038798641115,426.0
0.2,1.0,9,-8.676514318136155,4.151418710504718,0.4881339730115469,297.0
0.25,0.0,0,3.896941150481418,2.749727732965347,0.09164281193646952,219.0
0.25,0.0,1,3.759234528427323,2.7168861467436454,0.10219619059241533,169.0
0.25,0.0,2,3.99093516368567,2.7271341146090142,0.07767105241109352,252.0
0.25,0.0,3,3.8431632411002288,2.70579956600069,0.08961706553869216,152.0
0.25,0.0,4,3.892855484097061,2.634584624252361,0.06567287950969526,160.0
0.25,0.0,5,3.8867219137895788,2.863612300128027,0.10950922516408111,144.0
0.25,0.0,6,4.054323678369367,2.7247670525276733,0.06778462497194579,267.0
0.25,0.0,7,3.9488725480149705,2.6940406612366403,0.06874937010684877,195.0
0.25,0.0,8,3.8599966657018823,2.7034845413647224,0.07882751774607721,229.0
0.25,0.0,9,3.8318421600510306,2.7227023340040795,0.0922586037171651,156.0
0.25,0.1,0,3.7339519216616575,2.8803446721991435,0.15836207703455796,1022.0
0.25,0.1,1,3.8386122284614452,2.794771305047521,0.13311266072210748,1060.0
0.25,0.1,2,3.9742353236181103,2.8006627097678685,0.11754856348854284,430.0
0.25,0.1,3,3.715832838244831,2.984468083126599,0.18180677481275015,468.0
0.25,0.1,4,3.9059196305257995,2.9017056122729143,0.15151147210034022,423.0
0.25,0.1,5,3.913637189282147,2.8647086614168056,0.1509206832267752,592.0
0.25,0.1,6,3.7940669881562106,2.8328835296874373,0.15617823510182077,568.0
0.25,0.1,7,3.7927398113543282,2.9618555908312776,0.16402655414911793,350.0
0.25,0.1,8,3.644848081956097,2.978227205487557,0.1989828398035871,266.0
0.25,0.1,9,3.7706252058798735,2.9437720618209173,0.17640660965322366,368.0
0.25,0.2,0,3.664139495285064,3.215776729385893,0.27354951884261564,932.0
0.25,0.2,1,3.788440085236556,2.9076571610804156,0.2000698308288601,1113.0
0.25,0.2,2,3.7001864354382525,3.102861742252777,0.24841249822355754,575.0
0.25,0.2,3,3.826489466931167,2.9255089906312772,0.20227428241152212,
0.25,0.2,4,3.7124782408262944,3.10751030302471,0.2334863682710387,604.0
0.25,0.2,5,3.309397741811897,3.3475517503309122,0.2901558093947757,890.0
0.25,0.2,6,3.432354223496088,3.1112486800806654,0.25308596008800366,593.0
0.25,0.2,7,3.895231800974881,3.095904245048142,0.22992540108904636,908.0
0.25,0.2,8,3.5872576978111748,3.185561092928307,0.28618506930785614,557.0
0.25,0.2,9,3.4475991746872823,3.2171343690910894,0.2899067170747134,629.0
0.25,0.30000000000000004,0,3.697100625981989,3.142224449204205,0.27704563169668855,1058.0
0.25,0.30000000000000004,1,3.9536593566860376,3.2923399145891823,0.3123273689122336,
0.25,0.30000000000000004,2,3.37003683803407,3.510990080259021,0.37210935951165725,558.0
0.25,0.30000000000000004,3,4.001406586981406,3.108738712054536,0.26376316059312854,1012.0
0.25,0.30000000000000004,4,3.788740438581649,3.1891780498641706,0.2934821882448766,597.0
0.25,0.30000000000000004,5,3.8394335501396806,3.3337560225987355,0.31596469628752544,500.0
0.25,0.30000000000000004,6,3.695607802279224,3.3114367832845213,0.344734824399325,619.0
0.25,0.30000000000000004,7,3.8571978599375933,3.1972267135906325,0.28142843296997205,559.0
0.25,0.30000000000000004,8,3.9426856512185986,3.160326806003199,0.27556763445405674,637.0
0.25,0.30000000000000004,9,3.95371593583797,3.0210818348976223,0.2535350818592753,
0.25,0.4,0,3.6863435159178666,3.5174130376069805,0.4859348640172205,551.0
0.25,0.4,1,3.280527145364212,3.512964197690414,0.5122361816587244,554.0
0.25,0.4,2,3.6938243398211097,3.541923272003788,0.4183950444812294,1094.0
0.25,0.4,3,2.7873985074908236,3.612449819172737,0.5737796316920418,811.0
0.25,0.4,4,3.8098302024145005,3.3708520811550886,0.40861287074898434,1136.0
0.25,0.4,5,3.559047656116085,3.6481419057771722,0.4824660784798275,596.0
0.25,0.4,6,3.496821064324432,3.480514210444591,0.49338940877480414,1000.0
0.25,0.4,7,3.5446816365655995,3.420835052769112,0.42967919698374163,669.0
0.25,0.4,8,3.332504428093505,3.480748202015624,0.4706662907758004,553.0
0.25,0.4,9,2.9227565781923346,3.700437520661079,0.5186578192826199,456.0
0.25,0.5,0,-6.300764144215601,4.116256776500092,0.8200126061228302,254.0
0.25,0.5,1,-6.232655627008537,4.176288414279261,0.8216833715674126,204.0
0.25,0.5,2,-6.252541567849963,4.1424673256364235,0.7798270268306114,232.0
0.25,0.5,3,-6.548263127826249,4.450046773826103,0.8433545241728376,290.0
0.25,0.5,4,-6.435972299308377,4.445109119890504,0.8591204156514852,268.0
0.25,0.5,5,-6.141866086424874,4.282772834698842,0.827883945042867,222.0
0.25,0.5,6,-6.6570219550886085,4.115439506166536,0.7794825376316342,233.0
0.25,0.5,7,-6.532373311280201,4.100549205383958,0.7962339593312073,233.0
0.25,0.5,8,-5.9389568756110345,4.115729780362691,0.8535504441979,175.0
0.25,0.5,9,-6.037185742841071,4.1520192825075535,0.83309352795612,176.0
0.25,0.6000000000000001,0,-6.1344156281555255,3.368208109185475,0.5973149997920072,244.0
0.25,0.6000000000000001,1,-6.157394856986412,3.4099065409994473,0.5868532290153714,164.0
0.25,0.6000000000000001,2,-6.157826700319275,3.3437945497091146,0.5722585819035081,125.0
0.25,0.6000000000000001,3,-6.164798945297709,3.398244472454451,0.6088742699523999,327.0
0.25,0.6000000000000001,4,-6.161348875800255,3.404307892637637,0.6061601573523907,282.0
0.25,0.6000000000000001,5,-6.175584283948129,3.5217551774284837,0.5823043149160267,235.0
0.25,0.6000000000000001,6,-6.126434870404972,3.4620709493469852,0.5656225309812246,156.0
0.25,0.6000000000000001,7,-5.874121951720194,3.3152125426678936,0.5910487281645159,174.0
0.25,0.6000000000000001,8,-5.860209441478583,3.6298652419274426,0.6210852846838611,186.0
0.25,0.6000000000000001,9,-6.229411433654096,3.432318028120197,0.5706500033848583,199.0
0.25,0.7000000000000001,0,-5.091884604845781,3.0247030862423436,0.6120962891593803,178.0
0.25,0.7000000000000001,1,-4.940387543340891,2.971568333933085,0.5957391363163206,217.0
0.25,0.7000000000000001,2,-4.960792571537155,2.94826293924633,0.6164036141807903,169.0
0.25,0.7000000000000001,3,-5.060230946582244,2.9554402451498567,0.5742781832842033,151.0
0.25,0.7000000000000001,4,-5.088616549244953,3.078046873761805,0.5825952972163697,125.0
0.25,0.7000000000000001,5,-5.124992390639298,3.0638701227262257,0.6118767585661196,162.0
0.25,0.7000000000000001,6,-5.074503975231432,3.062275756454402,0.6032758521841846,169.0
0.25,0.7000000000000001,7,-5.002134027465801,2.963891520774308,0.6066141287110054,149.0
0.25,0.7000000000000001,8,-5.196815229407356,2.966008686114798,0.5990390741491556,159.0
0.25,0.7000000000000001,9,-5.148306708906232,3.091288872615734,0.5918521330975904,137.0
0.25,0.8,0,-6.058007793355316,3.4197127191722583,0.5169948357308201,178.0
0.25,0.8,1,-6.012944514254096,3.344514185822245,0.5021241536331738,179.0
0.25,0.8,2,-6.2221383858906485,3.5108553238899423,0.4974221925347462,191.0
0.25,0.8,3,-5.769935658725504,3.3603843218323943,0.5347078036035235,209.0
0.25,0.8,4,-6.231989146064314,3.53885666120979,0.49193186165034725,266.0
0.25,0.8,5,-6.298716555717057,3.5727037912606385,0.47884978075799955,211.0
0.25,0.8,6,-5.8603605206986105,3.295966393203709,0.5167291371132477,232.0
0.25,0.8,7,-6.3023635719281135,3.5271872461264735,0.5025272325728647,170.0
0.25,0.8,8,-6.0567678564108824,3.543912782740282,0.5142779857850539,238.0
0.25,0.8,9,-6.088661836769961,3.494543777253132,0.5171039590318741,121.0
0.25,0.9,0,-9.179504175188757,4.072625823951278,0.4214895215455336,380.0
0.25,0.9,1,-9.36164652549582,4.113851527772571,0.4356184302505597,460.0
0.25,0.9,2,-8.999794270054554,4.116658523373071,0.43613185935029924,372.0
0.25,0.9,3,-9.328703994694026,4.136684464528266,0.42511738273493527,415.0
0.25,0.9,4,-8.972681991121073,4.138011161451147,0.42424844716799376,323.0
0.25,0.9,5,-8.890140680502215,4.144445221147322,0.45845278009227647,373.0
0.25,0.9,6,-9.363373283872308,4.101378334592312,0.4172794362762649,568.0
0.25,0.9,7,-9.49909286660819,4.163254974593584,0.4227437389575299,413.0
0.25,0.9,8,-9.070687407088677,4.129376181637852,0.43137603769158983,376.0
0.25,0.9,9,-9.006091745093784,4.112195945438432,0.45377711867897286,419.0
0.25,1.0,0,-8.310040157511592,3.867947518722881,0.37455209454263405,454.0
0.25,1.0,1,-7.962044967748843,3.7490950716815514,0.4011809965476579,403.0
0.25,1.0,2,-8.204518360309663,3.8570853380228876,0.35998717888045856,517.0
0.25,1.0,3,-8.155171892743635,3.7798438140637898,0.3791346124992458,374.0
0.25,1.0,4,-8.129888863795083,3.75829319362052,0.3786412726910119,514.0
0.25,1.0,5,-8.162389636344132,3.781340902604813,0.35254943693843876,375.0
0.25,1.0,6,-8.124954401439604,3.8659260278796235,0.37514843634430517,388.0
0.25,1.0,7,-8.102638467708633,3.805908365665792,0.3974456779576156,400.0
0.25,1.0,8,-8.229718445609608,3.9111683032435147,0.3829461790665544,301.0
0.25,1.0,9,-8.196779047273541,3.783913158273298,0.3715797922489362,373.0
